id,fichier,annee_missing,metadata_missing
1973-008,docs/1973-008.pdf,False,True
2006-131,docs/2006-131.doc,False,True
2011-213-1,docs/2011-213-1.docx,False,True
2011-213-2,docs/2011-213-2.docx,False,True
CIR-HOU-TH,docs/CIR-HOU-TH.pdf,True,True
CIR_GEN_0001,docs/CIR_GEN_0001.pdf,True,True
CIR_GEN_0002,docs/CIR_GEN_0002.pdf,True,False
CIR_GEN_0003,docs/CIR_GEN_0003.pdf,True,False
CIR_GEN_0004,docs/CIR_GEN_0004.pdf,True,False
CIR_GEN_0005,docs/CIR_GEN_0005.pdf,True,False
CIR_GEN_0006,docs/CIR_GEN_0006.pdf,True,False
CIR_GEN_0009,docs/CIR_GEN_0009.pdf,True,False
CIR_GEN_0010,docs/CIR_GEN_0010.pdf,True,False
CIR_GOD_0011,docs/CIR_GOD_0011.pdf,True,False
CIR_GOD_0014,docs/CIR_GOD_0014.pdf,True,False
CIR_GOD_0015,docs/CIR_GOD_0015.pdf,True,False
CIR_GOD_0016,docs/CIR_GOD_0016.pdf,True,False
CIR_GOD_0020,docs/CIR_GOD_0020.pdf,True,False
CIR_GOD_0029,docs/CIR_GOD_0029.pdf,True,False
CIR_GOD_0030,docs/CIR_GOD_0030.pdf,True,False
CIR_GOD_0033,docs/CIR_GOD_0033.pdf,True,False
CIR_GOD_0036,docs/CIR_GOD_0036.pdf,True,False
CIR_GOD_0037,docs/CIR_GOD_0037.pdf,True,True
CIR_GOD_0038,docs/CIR_GOD_0038.pdf,True,True
CIR_GOD_0039,docs/CIR_GOD_0039.pdf,True,False
CIR_GOD_0042,docs/CIR_GOD_0042.pdf,True,False
CIR_GOD_0044,docs/CIR_GOD_0044.pdf,True,False
CIR_GOD_0045,docs/CIR_GOD_0045.pdf,True,False
CIR_GOD_0046,docs/CIR_GOD_0046.pdf,True,False
CIR_GOD_0052,docs/CIR_GOD_0052.pdf,True,True
CIR_GOD_0053,docs/CIR_GOD_0053.pdf,True,False
CIR_GOD_0054,docs/CIR_GOD_0054.pdf,True,False
CIR_HOU_0003,docs/CIR_HOU_0003.pdf,True,False
CIR_HOU_0005,docs/CIR_HOU_0005.pdf,True,True
CIR_HOU_0006,docs/CIR_HOU_0006.pdf,True,False
CIR_HOU_0007,docs/CIR_HOU_0007.pdf,True,False
CIR_HOU_0008,docs/CIR_HOU_0008.pdf,True,False
CIR_SAC_0001,docs/CIR_SAC_0001.pdf,True,True
CIR_SAC_0002,docs/CIR_SAC_0002.pdf,True,False
CIR_SAC_0003,docs/CIR_SAC_0003.pdf,True,True
CIR_SAC_0004,docs/CIR_SAC_0004.pdf,True,True
CIR_SAC_0005,docs/CIR_SAC_0005.pdf,True,False
CIR_SAC_0006,docs/CIR_SAC_0006.pdf,True,False
CIR_SAC_0007,docs/CIR_SAC_0007.pdf,True,False
CIR_SAC_0008,docs/CIR_SAC_0008.pdf,True,True
CIR_SAC_0009,docs/CIR_SAC_0009.pdf,True,True
CIR_SAC_0010,docs/CIR_SAC_0010.pdf,True,False
CIR_SAC_0017,docs/CIR_SAC_0017.pdf,True,False
CIR_SAC_0020,docs/CIR_SAC_0020.pdf,True,False
CIR_SAC_0022,docs/CIR_SAC_0022.pdf,True,False
CIR_SAC_0024,docs/CIR_SAC_0024.pdf,True,True
CIR_SAC_0025,docs/CIR_SAC_0025.pdf,True,False
CIR_SAC_0026,docs/CIR_SAC_0026.pdf,True,False
CIR_SAC_0028,docs/CIR_SAC_0028.pdf,True,True
CIR_SAC_0029,docs/CIR_SAC_0029.pdf,True,False
CIR_SAC_0030,docs/CIR_SAC_0030.pdf,True,False
CIR_SAC_0032,docs/CIR_SAC_0032.pdf,False,True
CIR_SAC_0033,docs/CIR_SAC_0033.pdf,True,True
CIR_SAC_0034,docs/CIR_SAC_0034.pdf,True,False
CIR_SAC_0037,docs/CIR_SAC_0037.pdf,True,False
CIR_SAC_0038,docs/CIR_SAC_0038.pdf,True,True
CIR_SAC_0039,docs/CIR_SAC_0039.pdf,True,False
CIR_SAC_0040,docs/CIR_SAC_0040.pdf,True,False
CIR_SAC_0041,docs/CIR_SAC_0041.pdf,True,False
CIR_SAC_0042,docs/CIR_SAC_0042.pdf,True,True
CIR_SAC_0044,docs/CIR_SAC_0044.pdf,True,False
CIR_SAC_0047,docs/CIR_SAC_0047.pdf,True,False
CIR_SAC_0048,docs/CIR_SAC_0048.pdf,True,False
CIR_SAC_0050,docs/CIR_SAC_0050.pdf,True,False
CIR_SAC_0058,docs/CIR_SAC_0058.pdf,True,False
CIR_SAC_0064,docs/CIR_SAC_0064.pdf,True,False
CIR_SAC_0067,docs/CIR_SAC_0067.pdf,True,False
CIR_SAC_0072,docs/CIR_SAC_0072.pdf,True,False
CIR_SAC_0073,docs/CIR_SAC_0073.pdf,True,False
CIR_SAC_0076,docs/CIR_SAC_0076.pdf,True,False
CIR_SAC_0082,docs/CIR_SAC_0082.pdf,True,False
CIR_SAC_0085,docs/CIR_SAC_0085.pdf,True,False
CIR_SAC_0090,docs/CIR_SAC_0090.pdf,True,True
CIR_SAC_0091,docs/CIR_SAC_0091.pdf,True,False
CIR_SAC_0095,docs/CIR_SAC_0095.pdf,True,True
CIR_SAC_0097,docs/CIR_SAC_0097.pdf,True,False
CIR_SAC_0098,docs/CIR_SAC_0098.pdf,True,False
CIR_SAC_0104,docs/CIR_SAC_0104.pdf,True,False
CIR_SAC_0105,docs/CIR_SAC_0105.pdf,True,False
CIR_SAC_0106,docs/CIR_SAC_0106.pdf,True,False
CIR_SAC_0109,docs/CIR_SAC_0109.pdf,True,False
CIR_SAC_0112,docs/CIR_SAC_0112.pdf,True,False
CIR_SAC_0113,docs/CIR_SAC_0113.pdf,True,True
CIR_SAC_0116,docs/CIR_SAC_0116.pdf,True,False
CIR_SAC_0117,docs/CIR_SAC_0117.pdf,True,False
CIR_SAC_0118,docs/CIR_SAC_0118.pdf,True,False
CIR_SAC_0119,docs/CIR_SAC_0119.pdf,True,True
CIR_SAC_0120,docs/CIR_SAC_0120.pdf,True,False
CIR_SAC_0123,docs/CIR_SAC_0123.pdf,True,True
CIR_SAC_0124,docs/CIR_SAC_0124.pdf,True,False
CIR_SAC_0126,docs/CIR_SAC_0126.pdf,True,True
CIR_SAC_0127,docs/CIR_SAC_0127.pdf,True,False
CIR_SAC_0128,docs/CIR_SAC_0128.pdf,True,True
CIR_SAC_0132,docs/CIR_SAC_0132.pdf,True,False
CIR_SAC_0135,docs/CIR_SAC_0135.pdf,True,False
CIR_SAC_0137,docs/CIR_SAC_0137.pdf,True,True
CIR_SAC_0142,docs/CIR_SAC_0142.pdf,True,False
CIR_SAC_0154,docs/CIR_SAC_0154.pdf,True,False
CIR_SAC_0163,docs/CIR_SAC_0163.pdf,True,True
CIR_SAC_0165,docs/CIR_SAC_0165.pdf,True,False
CIR_SAC_0167,docs/CIR_SAC_0167.pdf,True,True
CIR_SAC_0174,docs/CIR_SAC_0174.pdf,True,False
CIR_SAC_0179,docs/CIR_SAC_0179.pdf,True,True
CIR_SAC_0193,docs/CIR_SAC_0193.pdf,True,False
CIR_SAC_0199,docs/CIR_SAC_0199.pdf,True,False
CIR_SAC_0200,docs/CIR_SAC_0200.pdf,True,False
CIR_SAC_0201,docs/CIR_SAC_0201.pdf,True,False
CIR_SAC_0210,docs/CIR_SAC_0210.pdf,True,False
CIR_SAC_0213,docs/CIR_SAC_0213.pdf,True,False
CIR_SAC_0216,docs/CIR_SAC_0216.pdf,True,False
CIR_SAC_0217,docs/CIR_SAC_0217.pdf,True,False
CIR_SAC_0218,docs/CIR_SAC_0218.pdf,True,False
CIR_SAC_0221,docs/CIR_SAC_0221.pdf,True,False
CIR_SAC_0223,docs/CIR_SAC_0223.pdf,True,False
CIR_SAC_0224,docs/CIR_SAC_0224.pdf,True,True
CIR_SAC_0225,docs/CIR_SAC_0225.pdf,True,False
CIR_SAC_0226,docs/CIR_SAC_0226.pdf,True,False
CIR_SAC_0227,docs/CIR_SAC_0227.pdf,True,False
CIR_SAC_0229,docs/CIR_SAC_0229.pdf,True,True
CIR_SAC_0235,docs/CIR_SAC_0235.pdf,True,False
CIR_SAC_0236,docs/CIR_SAC_0236.pdf,True,False
CIR_SAC_0247,docs/CIR_SAC_0247.pdf,True,False
CIR_SAC_0253,docs/CIR_SAC_0253.pdf,True,False
CIR_SAC_0255,docs/CIR_SAC_0255.pdf,True,False
CIR_SAC_0256,docs/CIR_SAC_0256.pdf,True,False
CIR_SAC_0263,docs/CIR_SAC_0263.pdf,True,False
CIR_SAC_0267,docs/CIR_SAC_0267.pdf,True,False
CIR_SAC_0272,docs/CIR_SAC_0272.pdf,True,False
CIR_SAC_0276,docs/CIR_SAC_0276.pdf,True,False
CIR_SAC_0279,docs/CIR_SAC_0279.pdf,True,False
CIR_SAC_0280,docs/CIR_SAC_0280.pdf,True,False
CIR_SAC_0281,docs/CIR_SAC_0281.pdf,True,True
CIR_SAC_0283,docs/CIR_SAC_0283.pdf,True,True
CIR_SAC_0288,docs/CIR_SAC_0288.pdf,True,False
CIR_SAC_0289,docs/CIR_SAC_0289.pdf,True,False
CIR_SAC_0292,docs/CIR_SAC_0292.pdf,True,False
CIR_SAC_0297,docs/CIR_SAC_0297.pdf,True,False
CIR_SAC_0298,docs/CIR_SAC_0298.pdf,True,False
CIR_SAC_0301,docs/CIR_SAC_0301.pdf,True,False
CIR_SAC_0302,docs/CIR_SAC_0302.pdf,True,False
CIR_SAC_0305,docs/CIR_SAC_0305.pdf,True,False
CIR_SAC_0306,docs/CIR_SAC_0306.pdf,True,False
CIR_SAC_0307,docs/CIR_SAC_0307.pdf,True,False
CIR_SAC_0308,docs/CIR_SAC_0308.pdf,True,False
CIR_SAC_0309,docs/CIR_SAC_0309.pdf,True,False
CIR_SAC_0312,docs/CIR_SAC_0312.pdf,True,False
CIR_SAC_0313,docs/CIR_SAC_0313.pdf,True,True
CIR_SAC_0314,docs/CIR_SAC_0314.pdf,True,True
CIR_SAC_0315,docs/CIR_SAC_0315.pdf,True,True
CIR_SAC_0318,docs/CIR_SAC_0318.pdf,True,False
CIR_SAC_0319,docs/CIR_SAC_0319.pdf,True,False
CIR_SAC_0320,docs/CIR_SAC_0320.pdf,True,False
CIR_SAC_0321,docs/CIR_SAC_0321.pdf,True,False
CIR_SAC_0328,docs/CIR_SAC_0328.pdf,True,False
CIR_SAC_0330,docs/CIR_SAC_0330.pdf,True,False
CIR_SAC_0340,docs/CIR_SAC_0340.pdf,True,True
CIR_SAC_0341,docs/CIR_SAC_0341.pdf,True,True
CIR_SAC_0345,docs/CIR_SAC_0345.pdf,True,False
CIR_SAC_0349,docs/CIR_SAC_0349.pdf,True,False
CIR_SAC_0352,docs/CIR_SAC_0352.pdf,True,False
CIR_SAC_0355,docs/CIR_SAC_0355.pdf,True,False
CIR_SAC_0362,docs/CIR_SAC_0362.pdf,True,False
CIR_SAC_0364,docs/CIR_SAC_0364.pdf,True,False
CIR_SAC_0365,docs/CIR_SAC_0365.pdf,True,False
CIR_SAC_0366,docs/CIR_SAC_0366.pdf,True,False
CIR_SAC_0367,docs/CIR_SAC_0367.pdf,True,False
CIR_SAC_0368,docs/CIR_SAC_0368.pdf,True,False
CIR_SAC_0369,docs/CIR_SAC_0369.pdf,True,False
CIR_SAC_0370,docs/CIR_SAC_0370.pdf,True,False
CIR_SAC_0371,docs/CIR_SAC_0371.pdf,True,False
CIR_SAC_0374,docs/CIR_SAC_0374.pdf,True,False
CIR_SAC_0375,docs/CIR_SAC_0375.pdf,True,False
CIR_SAC_0382,docs/CIR_SAC_0382.pdf,True,False
CIR_SAC_0383,docs/CIR_SAC_0383.pdf,True,False
CIR_SAC_0384,docs/CIR_SAC_0384.pdf,True,True
CIR_SAC_0386,docs/CIR_SAC_0386.pdf,True,False
Charte_droits-d-auteur_2012,docs/Charte_droits-d-auteur_2012.pdf,True,False
ENPC00_AR_LEESU_0007,docs/ENPC00_AR_LEESU_0007.pdf,True,False
ENPC00_AR_LEESU_0015,docs/ENPC00_AR_LEESU_0015.pdf,True,False
ENPC00_AR_LEESU_0020,docs/ENPC00_AR_LEESU_0020.pdf,True,False
ENPC00_AR_LEESU_0024,docs/ENPC00_AR_LEESU_0024.pdf,True,False
ENPC00_AR_LEESU_0027,docs/ENPC00_AR_LEESU_0027.pdf,True,False
ENPC00_AR_LEESU_0033,docs/ENPC00_AR_LEESU_0033.pdf,True,False
ENPC00_AR_LEESU_0042,docs/ENPC00_AR_LEESU_0042.pdf,True,False
ENPC00_AR_LEESU_0044,docs/ENPC00_AR_LEESU_0044.pdf,True,False
ENPC00_AR_LEESU_0050,docs/ENPC00_AR_LEESU_0050.pdf,True,False
ENPC00_AR_LEESU_0054,docs/ENPC00_AR_LEESU_0054.pdf,True,False
ENPC00_AR_LEESU_0056,docs/ENPC00_AR_LEESU_0056.pdf,True,False
ENPC00_AR_LEESU_0057,docs/ENPC00_AR_LEESU_0057.pdf,True,False
ENPC00_AR_LEESU_0059,docs/ENPC00_AR_LEESU_0059.pdf,True,False
ENPC00_AR_LEESU_0060,docs/ENPC00_AR_LEESU_0060.pdf,True,False
ENPC00_AR_LEESU_0061,docs/ENPC00_AR_LEESU_0061.pdf,True,False
ENPC00_AR_LEESU_0063,docs/ENPC00_AR_LEESU_0063.pdf,True,False
ENPC00_AR_LEESU_0065,docs/ENPC00_AR_LEESU_0065.pdf,True,False
ENPC00_AR_LEESU_0066,docs/ENPC00_AR_LEESU_0066.pdf,True,False
ENPC00_AR_LEESU_0067,docs/ENPC00_AR_LEESU_0067.pdf,True,False
ENPC00_AR_LEESU_0068,docs/ENPC00_AR_LEESU_0068.pdf,True,False
ENPC00_AR_LEESU_0069,docs/ENPC00_AR_LEESU_0069.pdf,True,False
ENPC00_AR_LEESU_0070,docs/ENPC00_AR_LEESU_0070.pdf,True,False
ENPC00_AR_LEESU_0071,docs/ENPC00_AR_LEESU_0071.pdf,True,False
ENPC00_OUV_LEESU_0001,docs/ENPC00_OUV_LEESU_0001.pdf,True,False
ENPC00_OUV_LEESU_0008,docs/ENPC00_OUV_LEESU_0008.pdf,True,True
ENPC00_OUV_LEESU_0009,docs/ENPC00_OUV_LEESU_0009.pdf,True,True
ENPC00_OUV_LEESU_0025,docs/ENPC00_OUV_LEESU_0025.pdf,True,True
ENPC00_OUV_LEESU_0027,docs/ENPC00_OUV_LEESU_0027.pdf,True,False
ENPC00_OUV_LEESU_0028,docs/ENPC00_OUV_LEESU_0028.pdf,True,False
ENPC00_OUV_LEESU_0029,docs/ENPC00_OUV_LEESU_0029.pdf,True,False
ENPC00_OUV_LEESU_0030,docs/ENPC00_OUV_LEESU_0030.pdf,True,True
ENPC00_OUV_LEESU_0031,docs/ENPC00_OUV_LEESU_0031.pdf,True,False
ENPC00_OUV_LEESU_0032,docs/ENPC00_OUV_LEESU_0032.pdf,True,True
ENPC00_OUV_LEESU_0033,docs/ENPC00_OUV_LEESU_0033.pdf,True,True
ENPC00_OUV_LEESU_0034,docs/ENPC00_OUV_LEESU_0034.pdf,True,True
ENPC00_RA_LEESU_0003,docs/ENPC00_RA_LEESU_0003.pdf,True,True
ENPC00_RA_LEESU_0004,docs/ENPC00_RA_LEESU_0004.pdf,True,False
ENPC00_RA_LEESU_0005,docs/ENPC00_RA_LEESU_0005.pdf,True,False
ENPC00_RA_LEESU_0006,docs/ENPC00_RA_LEESU_0006.pdf,True,False
ENPC00_RA_LEESU_0008,docs/ENPC00_RA_LEESU_0008.pdf,True,False
ENPC00_RA_LEESU_0009,docs/ENPC00_RA_LEESU_0009.pdf,True,False
ENPC00_RA_LEESU_0010,docs/ENPC00_RA_LEESU_0010.pdf,True,False
ENPC00_RA_LEESU_0014,docs/ENPC00_RA_LEESU_0014.pdf,True,False
ENPC00_RA_LEESU_0017,docs/ENPC00_RA_LEESU_0017.pdf,True,True
ENPC00_RA_LEESU_0020,docs/ENPC00_RA_LEESU_0020.pdf,True,True
ENPC00_RA_LEESU_0023,docs/ENPC00_RA_LEESU_0023.pdf,True,True
ENPC00_RA_LEESU_0024,docs/ENPC00_RA_LEESU_0024.pdf,True,True
ENPC00_RA_LEESU_0026,docs/ENPC00_RA_LEESU_0026.pdf,True,True
ENPC00_RA_LEESU_0029,docs/ENPC00_RA_LEESU_0029.pdf,True,False
ENPC00_TH_LEESU_0002,docs/ENPC00_TH_LEESU_0002.pdf,True,True
ENPC00_TH_LEESU_0007,docs/ENPC00_TH_LEESU_0007.pdf,True,False
ENPC00_TH_LEESU_0009,docs/ENPC00_TH_LEESU_0009.pdf,True,True
ENPC00_TH_LEESU_0012,docs/ENPC00_TH_LEESU_0012.pdf,True,True
ENPC00_TH_LEESU_0017,docs/ENPC00_TH_LEESU_0017.pdf,True,True
ENPC00_TH_LEESU_0024,docs/ENPC00_TH_LEESU_0024.pdf,True,True
ENPC00_TH_LEESU_0027,docs/ENPC00_TH_LEESU_0027.pdf,True,False
ENPC00_TH_LEESU_0029,docs/ENPC00_TH_LEESU_0029.pdf,True,False
ENPC00_TH_LEESU_0032,docs/ENPC00_TH_LEESU_0032.pdf,True,False
ENPC00_TH_LEESU_0036,docs/ENPC00_TH_LEESU_0036.pdf,True,False
